age_score,analyzability,borrowed,borrowed_score,description,id,jsondata,language_pk,markup_description,name,pk,simplicity_score
,,,,to accuse,92181432125352379-1,{},123,,accuser,67762,
,,,,to accuse,9361026888773387-1,{},96,,accusare,74361,
,,,,to acquit,9218143238626268-1,{},125,,aquiter,66454,
,,,,"to acquit, settle a debt or dispute",92181432882123045-1,{},96,,*acquitāre,69783,
,,,,address,92181432501536549-1,{},123,,adresse,60832,
,,,,"‘at, to’ + ‘straight’",92181432712519576-1,{},96,,*ad + dīrectus,69825,
,,,,"‘to sit in judgment’, from iudex ‘judge’",92181432570011568-1,{},96,,adiudicāre,66448,
,,,,to admit,92181432396502675-1,{},123,,admettre,66391,
,,,,to send on,92181432731412126-1,{},96,,admittere,69731,
,,,,to daub,92181432430322921-1,{},115,,adobar,66164,
,,,,plaster,92181432536065451-1,{},101,,ţob,69589,
,,,,adultery,92181432342868199-1,{},125,,avouterie,66459,
,,,,adulterer,92181432309973738-1,{},96,,adulter,69786,
,,,,"‘air’ + ‘flat, plane’",92181432580835155-1,{},96,,aēr + plānus,66483,
,,,,age,92181432912437668-1,{},123,,âge,66313,
,,,,"age, era",92181432521872924-1,{},96,,aevum,69679,
,,,,air,92181432275025488-1,{},123,,air,65974,
,,,,air,92181432322114100-1,{},147,,aēr,69468,
,,,,alcohol,92181432149215388-1,{},123,,alcool,66121,
,,,,"‘collyrium’, powder with which to paint the eyes",92181432415446608-1,{},53,,al-koħl,69555,
,,,,“the lizard”,92181432481506080-1,{},115,,el lagarto,69901,
,,,,to permit,92181432930285966-1,{},125,,alouer,66413,
,,,,"‘to allocate’, ‘to commend’",92181432429730474-1,{},96,,"allocāre, allaudāre",69752,
,,,,"‘altar’, literally ‘high spot’",92181432488833938-1,{},96,,altāre,66465,
,,,,ambush,92181432136925914-1,{},125,,embusche,66442,
,,,,to be waiting in the woods,92181432636410413-1,{},194,,*imboscāre,69775,
,,,,ancestor,92181432266728303-1,{},124,,ancestre,65999,
,,,,someone who goes before,92181432504116967-1,{},96,,"antecēssor, -em",69484,
,,,,anchor,92181432346732179-1,{},96,,anchora,66247,
,,,,anchor,92181432436594370-1,{},147,,ánkūra,69639,
,,,,grief,92181432290466086-1,{},257,,angr,66346,
,,,,"‘of a beast’, originally ‘of someone having a spirit’",9218143244841013-1,{},96,,animālis,66008,
,,,,to announce,92181432257430432-1,{},124,,anoncer,66396,
,,,,"‘to announce’, from nuntius ‘herald’",92181432816708578-1,{},96,,annunciāre,69734,
,,,,"‘anxiety’, from angere ‘to choke’",92181432975396325-1,{},96,,"anxietā-s, -tem",66343,
,,,,to come close,9218143212716740-1,{},124,,aprochier,66238,
,,,,‘to come close’ (prope ‘near’),92181432926866998-1,{},196,,appropiāre,69636,
,,,,arch,92181432900541080-1,{},123,,arche,66161,
,,,,bow,92181432831833669-1,{},96,,arcum,69585,
,,,,armour,92181432952473824-1,{},124,,armure,66431,
,,,,thing with which one is armed,92181432510033759-1,{},194,,armātūra,69765,
,,,,"well, hole",92181432862340842-1,{},96,,put(t)eus,66076,
,,,,army,92181432114816270-1,{},123,,armée,66426,
,,,,armed force,92181432932653377-1,{},96,,armāta,69762,
,,,,to arrive,92181432511402779-1,{},123,,arriver,66237,
,,,,‘to come to the shore of somewhere’ (literally),92181432491845493-1,{},96,,*adrīpāre,69635,
,,,,arson,92181432479119147-1,{},123,,arson,66461,
,,,,burning,92181432921609208-1,{},96,,"arsiō, -nem",69788,
,,,,artery,92181432366764583-1,{},96,,artēria,66067,
,,,,artery,9218143274744232-1,{},147,,artēria,69519,
,,,,to astound,92181432997824699-1,{},124,,estoner,66338,
,,,,"to thunder, sound out",92181432981838732-1,{},194,,*ex-tonāre,69695,
,,,,to attack,9218143230278375-1,{},123,,attaquer,66435,
,,,,to attack,92181432938496617-1,{},169,,attaccare,69770,
,,,,aunt,92181432572630017-1,{},125,,aunte,65995,
,,,,"‘aunt’, literally ‘little grandmother’",92181432823312122-1,{},96,,amita,69480,
,,,,autumn,92181432134691205-1,{},123,,automne,66322,
,,,,autumn,92181432215974975-1,{},96,,autumnus,69683,
,,,,baby,9218143222747653-1,{},373,,baban,65989,
,,,,bag,92181432300906941-1,{},257,,baggi,66511,
,,,,a bite,92181432426442290-1,{},257,,beita,66443,
,,,,ball,92181432883332261-1,{},257,,böllr,66303,
,,,,bamboo,9218143222572239-1,{},12,,bamboes,66193,
,,,,bamboo,92181432721967704-1,{},180,,banvu,69611,
,,,,banana,9218143221000148-1,{},274,,banana,66189,
,,,,banana,92181432345228711-1,{},379,,banana,69607,
,,,,bank (financial institution),92181432662880758-1,{},123,,banque,60824,
,,,,bench,92181432856769972-1,{},99,,*bank-,69815,
,,,,Indian merchant,92181432680087883-1,{},274,,banian,66190,
,,,,merchant,92181432846733647-1,{},251,,vaņij,69608,
,,,,tree bark,92181432694130135-1,{},257,,börkr,66185,
,,,,to cheat,92181432160978416-1,{},123,,barater,66275,
,,,,bat,92181432299103948-1,{},216,,bakka,66025,
,,,,to beat,9218143244551789-1,{},124,,batre,66506,
,,,,to beat,92181432894648640-1,{},96,,battuere,69824,
,,,,battle,92181432652152192-1,{},123,,bataille,66424,
,,,,"‘fight, military engagement’ (battuere ‘to fight’)",92181432366216438-1,{},194,,battuālia,66444,
,,,,bay,92181432951832907-1,{},123,,baie,65967,
,,,,bay,92181432764483102-1,{},96,,baia,69465,
,,,,beak,92181432365464926-1,{},123,,bec,66075,
,,,,beak,92181432745979620-1,{},96,,beccus,69523,
,,,,beauty,92181432629578271-1,{},124,,biaute,66360,
,,,,‘beauty’ from bellus ‘beautiful’,92181432291204909-1,{},194,,"*bellitā-s, -tis",69711,
,,,,cause,92181432110440259-1,{},96,,"causa, earlier caussa",66380,
,,,,‘name of a lay mendicant order ‘,92181432248182216-1,{},123,,Beguinard,66267,
,,,,belt,92181432528538388-1,{},96,,balteus,68251,
,,,,silent,92181432720972815-1,{},96,,"silen-s, -tem",66388,
,,,,to hand over,92181432231471035-1,{},124,,trair,66383,
,,,,to betray,92181432287295227-1,{},96,,tradere,67642,
,,,,wheel,92181432389569846-1,{},147,,kúklos,66505,
,,,,"proclamation, document",92181432140055728-1,{},124,,bille,66270,
,,,,proclamation,92181432402180095-1,{},96,,bulla,69652,
,,,,certificate,92181432448155305-1,{},123,,certificat,66495,
,,,,"‘what has been certified’, ultimately from cernere ‘to sift’.",92181432483936083-1,{},96,,certificātum,69810,
,,,,blame,92181432822353534-1,{},123,,blâme,66358,
,,,,"‘to blame’, literally ‘to speak offensively of’",92181432685874826-1,{},147,,blasphēmein,69709,
,,,,blanket,92181432901006826-1,{},124,,blankete,66169,
,,,,white,92181432463286534-1,{},99,,blank,69592,
,,,,"shine, glitter",92181432463391143-1,{},12,,blenken,66073,
,,,,swelling,92181432983988380-1,{},124,,blestre,66090,
,,,,blue,92181432966758447-1,{},125,,blue,66331,
,,,,blue,92181432770457263-1,{},99,,*blǽwaz,69689,
,,,,to boil,92181432783437688-1,{},124,,boillir,66094,
,,,,to boil,92181432529942312-1,{},96,,bullire,69533,
,,,,bomb,92181432120679002-1,{},123,,bombe,67853,
,,,,humming,92181432979465357-1,{},147,,bómbos,69826,
,,,,throwing stick,92181432808290690-1,{},107,,womurrang,66222,
,,,,boot,92181432390770694-1,{},125,,bote,68298,
,,,,plunder,92181432954239239-1,{},123,,butin,66441,
,,,,plunder,92181432499395954-1,{},135,,Beute,69774,
,,,,bottle,92181432480554337-1,{},125,,botaille,66501,
,,,,"butt, cask",92181432913770829-1,{},96,,buttis,69818,
,,,,bound,92181432482271445-1,{},124,,"bodne, borne",66401,
,,,,bracelet,92181432796588481-1,{},124,,bracelet,66140,
,,,,adornment for the arm,92181432769707805-1,{},96,,bracchiāle,69569,
,,,,"salty, brackish",92181432455608033-1,{},12,,brak,66326,
,,,,"salty, brackish",92181432455608033-2,{},140,,brak,66327,
,,,,to brake,9218143266085049-1,{},123,,braquer,66485,
,,,,nosering for a draught ox,92181432130774007-1,{},212,,bracke,69802,
,,,,branch,92181432343374378-1,{},123,,branche,66180,
,,,,‘animal’s paw’,92181432119995089-1,{},96,,branca,69600,
,,,,brave,92181432859370010-1,{},123,,brave,66350,
,,,,"bold, wild",92181432315698155-1,{},169,,bravo,69702,
,,,,brick,92181432862289171-1,{},123,,brique,60712,
,,,,brick,92181432368992394-1,{},12,,bricke,69587,
,,,,brick,92181432368992394-2,{},140,,bricke,69588,
,,,,brush,92181432676961651-1,{},123,,brosse,60704,
,,,,excrescence on maple,9218143294321032-1,{},96,,bruscum,69573,
,,,,buffalo,92181432650463743-1,{},274,,búfalo,66046,
,,,,"‘antelope, wild ox’ (phonological shape suggests a borrowing from Oscan)",92181432170631878-1,{},96,,*būfalus,69511,
,,,,for all,92181432754843861-1,{},96,,omnibus,68274,
,,,,butter,92181432499598438-1,{},96,,butyrum,66119,
,,,,"‘butter’, literally ‘cow cheese’",92181432724428837-1,{},147,,boútūron,69553,
,,,,"bud, knob",9218143257245204-1,{},123,,boton,66137,
,,,,to thrust,92181432979859793-1,{},194,,*bottāre,69566,
,,,,calendar,92181432579125777-1,{},123,,calendier,66503,
,,,,days on which accounts were due,9218143240375802-1,{},96,,calendae,69820,
,,,,calf of leg,92181432814655875-1,{},257,,kálfi,66078,
,,,,to call,92181432335272191-1,{},257,,kalla,66395,
,,,,calm,92181432627430117-1,{},123,,calme,66913,
,,,,heat of the day,92181432815354791-1,{},147,,kaúma,69471,
,,,,camel,92181432494591587-1,{},96,,camēlus,66017,
,,,,camel,92181432234179321-1,{},297,,gāmal,69497,
,,,,"a plain, piece of flat land",92181432944752659-1,{},96,,campus,66165,
,,,,candle,9218143220743565-1,{},96,,candella,66157,
,,,,the canoe,92181432942713909-1,{},115,,canoa,63647,
,,,,canoe,92181432311508862-1,{},337,,kanawa,69641,
,,,,head-covering,92181432579630329-1,{},96,,cappa,66134,
,,,,cape,92181432822765579-1,{},123,,cap,66917,
,,,,head,92181432842414064-1,{},96,,caput,69880,
,,,,"captive, prisoner of war",9218143283928017-1,{},123,,captif,66440,
,,,,‘prisoner’ (capere ‘to seize’),92181432768224129-1,{},96,,captīvus,69773,
,,,,wagon,92181432999557061-1,{},124,,carre,66482,
,,,,wagon,92181432680557211-1,{},80,,*karros,69800,
,,,,carcass,92181432233921023-1,{},124,,carcois,66086,
,,,,carcass,92181432163713219-1,{},169,,carcassa,69528,
,,,,caribou,9218143259968749-1,{},123,,caribou,66043,
,,,,caribou,92181432597762043-1,{},217,,qalipu,69509,
,,,,carpenter,9218143270125800-1,{},124,,carpentier,66211,
,,,,"carpenter, maker of wagons",9218143211858287-1,{},194,,*carpentārius,69619,
,,,,"carpet, cloth",92181432977402353-1,{},213,,carpite,66227,
,,,,#rough cloth for covering surfaces’,92181432181069266-1,{},96,,carpita,69628,
,,,,to carry,92181432759491718-1,{},124,,carier,66240,
,,,,wagon,92181432389062452-1,{},257,,kartr,66242,
,,,,cassava,92181432811484340-1,{},123,,cassave,66191,
,,,,cassavo,92181432240954872-1,{},337,,casavi,68260,
,,,,to throw,92181432711006888-1,{},257,,kasta,66214,
,,,,castle,92181432733093019-1,{},124,,castel,66432,
,,,,little camp,9218143285158377-1,{},96,,castellum,69767,
,,,,to chase,92181432564106507-1,{},124,,cachier,66249,
,,,,to lie in wait for,92181432678457203-1,{},96,,*captiāre,69640,
,,,,property,92181432139453309-1,{},124,,catel,66005,
,,,,property,92181432897166260-1,{},96,,capitāle,69489,
,,,,cause,92181432287980578-1,{},123,,cause,67624,
,,,,cause,936172888773387-1,{},96,,causa,74376,
,,,,cave,92181432107993610-1,{},123,,cave,65966,
,,,,empty,9218143221997063-1,{},96,,cāva,69463,
,,,,to cease,92181432343727762-1,{},123,,cesser,66316,
,,,,to cease,92181432153880797-1,{},96,,cessāre,69681,
,,,,hundred-feet’,92181432787955205-1,{},96,,centipeda,66035,
,,,,certain,92181432980168661-1,{},123,,certain,66370,
,,,,‘certain’ (from cernere ‘to sift’ via p.pt certus),92181432194148008-1,{},96,,*certānus,69719,
,,,,chain,92181432189753656-1,{},123,,chaîne,66202,
,,,,chain,9218143282135590-1,{},96,,catēna,69617,
,,,,chair,92181432989615666-1,{},125,,chaire,66155,
,,,,"‘chair’, literally ‘down-sitter’",92181432858499200-1,{},147,,kathédra,69582,
,,,,chameleon,92181432664892718-1,{},96,,chamaeleon,66045,
,,,,"‘chameleon’, literally ‘ground-lion’",92181432892449578-1,{},147,,khamailéōn,69510,
,,,,to change,92181432144150563-1,{},123,,changer,66305,
,,,,"‘to change’, possibly from Greek kampein ‘to bend back’",92181432993863260-1,{},96,,cambiāre,69672,
,,,,to hunt,92181432182220728-1,{},124,,chacier,66236,
,,,,to hunt,92181432647999588-1,{},194,,*captiāre,69634,
,,,,tradesman,92181432941252944-1,{},96,,caupō,66282,
,,,,cheese,92181432903499186-1,{},96,,cāseus,66118,
,,,,box,92181432499421764-1,{},96,,cista,66047,
,,,,box,92181432723959316-1,{},147,,kistē,69512,
,,,,chief,92181432396035571-1,{},124,,chevetain,66404,
,,,,"captain, head",92181432616390128-1,{},96,,capitānus,69743,
,,,,chili pepper,9218143271932677-1,{},115,,chile,66126,
,,,,chili pepper,9218143284656976-1,{},230,,chilli,69558,
,,,,fireplace,92181432258960590-1,{},123,,cheminée,66154,
,,,,provided with a fireplace,92181432120913857-1,{},194,,caminata,69581,
,,,,chisel,92181432261937300-1,{},124,,chisel,66221,
,,,,scissors,92181432349160320-1,{},194,,*cisellium,69625,
,,,,‘the Lord’s’ (s.c. oikon ‘house’),92181432710831898-1,{},147,,kuriakon,66477,
,,,,cigarette,92181432617140389-1,{},123,,cigarette,68090,
,,,,cigar,92181432348139406-1,{},115,,cigarro,68910,
,,,,little ring,9218143224215522-1,{},96,,circulus,66302,
,,,,to cut around,92181432433986079-1,{},96,,circumcīdere,66463,
,,,,citizen,92181432545299207-1,{},124,,citezein,66407,
,,,,someone belonging to a city,92181432723584354-1,{},194,,*cīvitātānus,69747,
,,,,citrus genus,9218143262404452-1,{},96,,citrus,66186,
,,,,citrus fruit,9218143219940429-1,{},147,,kítron,69604,
,,,,"town, city",92181432201635036-1,{},124,,cite,66399,
,,,,"‘city’, originally ‘citizenship’",92181432758015449-1,{},96,,"cīvi-tās, -tātem",69740,
,,,,"clan, group of people related by descent",92181432603989474-1,{},314,,clann,66403,
,,,,plant,92181432193969328-1,{},96,,planta,70006,
,,,,clear,92181432376976208-1,{},124,,cler,66367,
,,,,bright,92181432647732216-1,{},96,,clārus,69716,
,,,,cloak,92181432104366525-1,{},123,,cloque,66130,
,,,,cape,92181432399775176-1,{},194,,clocca,69562,
,,,,bell,92181432667935245-1,{},12,,klokke,66319,
,,,,to close,92181432688745157-1,{},123,,clore,66292,
,,,,to’ close’,9218143234428379-1,{},96,,claudere,69664,
,,,,thick stick,92181432690542827-1,{},257,,"klubba, klumba",66428,
,,,,superior part of the cloth,92181432492104015-1,{},123,,cote,60460,
,,,,"cock, rooster",92181432962162191-1,{},123,,coq,66014,
,,,,cock,92181432191455199-1,{},96,,coccus,69495,
,,,,the cockroach,9218143217331914-1,{},115,,cucaracha,63515,
,,,,coconut,92181432949198489-1,{},115,,coco,61123,
,,,,coffee,92181432815945231-1,{},12,,koffie,59976,
,,,,"‘coffee’, originally ‘hot’ (of water)",92181432607729123-1,{},53,,qahwa,69822,
,,,,wedge,92181432995469574-1,{},124,,coin,66264,
,,,,wedge,92181432891252560-1,{},96,,cuneus,68302,
,,,,collar,92181432760245355-1,{},123,,coler,66132,
,,,,collar,92181432502970558-1,{},96,,collāre,69564,
,,,,to collect taxes,92181432295855500-1,{},213,,collecter,66289,
,,,,"to bind together, collect",9218143226351122-1,{},96,,colligere,69662,
,,,,colour,92181432491516750-1,{},125,,colour,66330,
,,,,colour,92181432334444461-1,{},96,,color,69688,
,,,,to command,92181432450011114-1,{},124,,cumander,66411,
,,,,"to give in charge, to let someone give orders",92181432310512520-1,{},96,,commandāre,69750,
,,,,to conceive,92181432484303054-1,{},123,,concevoir,66085,
,,,,‘‘o conceive’,92181432540167371-1,{},96,,concipere,69527,
,,,,to condemn,92181432590680919-1,{},124,,condemner,66452,
,,,,to condemn,92181432190282669-1,{},96,,condemnāre,69781,
,,,,"‘pine cone’, later ‘geometrical cone’",92181432796899735-1,{},147,,kōnos,69616,
,,,,"cone, wedge, peak",9218143234790971-1,{},96,,conus,70017,
,,,,"to convince, convict",92181432182121313-1,{},123,,convaincre,66453,
,,,,"‘to convince, convict’ (’to overcome’)",92181432749596733-1,{},96,,convincere,69782,
,,,,to cook,92181432697346366-1,{},96,,coquere,66093,
,,,,copper,9218143258798062-1,{},96,,cuprum,66215,
,,,,Cypriot metal,92181432405933497-1,{},147,,kyprion,69622,
,,,,to link together,92181432765957814-1,{},96,,copulāre,66055,
,,,,cormorant,92181432966596273-1,{},125,,cormoran,66026,
,,,,"‘cormorant’, literally ‘marine crow’",92181432556953339-1,{},96,,corvus marīnus,69502,
,,,,corner,92181432216451221-1,{},124,,corner,66299,
,,,,"‘corner’, from cornū ‘horn’",92181432258883656-1,{},194,,cornerium,69668,
,,,,body,92181432441063801-1,{},213,,cors,66058,
,,,,body,92181432406454990-1,{},96,,corpus,69917,
,,,,cotton,92181432763497633-1,{},123,,coton,69159,
,,,,cotton,92181432703119499-1,{},53,,qutn,69560,
,,,,to count,92181432285846959-1,{},123,,compter,66311,
,,,,to count,92181432410328496-1,{},96,,computāre,69677,
,,,,country,92181432944405132-1,{},123,,contrée,66398,
,,,,the land opposite one,92181432223980575-1,{},96,,contrāta (terra),69739,
,,,,courtyard,92181432133454140-1,{},125,,court,66447,
,,,,assembly,92181432738714146-1,{},96,,"cohor-s, -tem",69777,
,,,,cousin,92181432672685827-1,{},123,,cousin,65998,
,,,,cousin,92181432792761790-1,{},96,,consobrīnus,69483,
,,,,to cover,92181432428867155-1,{},123,,couvrir,66293,
,,,,to cover,92181432304087774-1,{},96,,cooperīre,69665,
,,,,coyote,92181432536135719-1,{},230,,coyotl,68283,
,,,,coyote,9218143222513877-1,{},115,,coyote,70413,
,,,,"to crawl, scrabble around in earth",92181432763456173-1,{},257,,krafla,66233,
,,,,crime,92181432950937572-1,{},123,,crime,67824,
,,,,evil deed,92181432132691575-1,{},96,,crīmen,69811,
,,,,crocodile,92181432873821178-1,{},124,,cocodrille,66019,
,,,,crocodile,92181432652349940-1,{},147,,krokódeilos,72522,
,,,,crooked,92181432871641006-1,{},257,,krókr,66298,
,,,,cross,92181432325291547-1,{},96,,crux,66300,
,,,,to be bent like a hook,92181432464009316-1,{},124,,crochir,66250,
,,,,to crush,92181432332981430-1,{},124,,croisir,66108,
,,,,to crackle,92181432729360935-1,{},96,,cruscīre,69545,
,,,,"to cry, wail",92181432274765498-1,{},124,,crier,66345,
,,,,to wail,92181432366414240-1,{},96,,quirītāre,69699,
,,,,‘to cultivate’ from colēre ‘to till the soil’,92181432102312034-1,{},96,,cultivāre,66172,
,,,,cup,92181432964675993-1,{},96,,"cuppa (Vulgar), cūpa (Classical)",66099,
,,,,to cure,9218143267423946-1,{},213,,curer,66060,
,,,,"‘to cure’, literally ‘to give care (Latin: cura) to’",9218143244407050-1,{},96,,cūráre,69514,
,,,,custom,92181432919770595-1,{},125,,custome,66418,
,,,,custom,92181432606053741-1,{},96,,consuetũdō,69756,
,,,,cut with a knife,92181432110372248-1,{},257,,kuta,66204,
,,,,harm,92181432688489625-1,{},125,,damage,66262,
,,,,harm,92181432514903398-1,{},96,,damnum,69647,
,,,,to dance,92181432701285179-1,{},123,,danser,67393,
,,,,to dance,92181432265442504-1,{},99,,dansōn,69632,
,,,,danger,92181432136293175-1,{},124,,danger,66351,
,,,,sovereignty,92181432887505378-1,{},96,,*domniārium,69703,
,,,,debt,9218143213139299-1,{},123,,dette,66268,
,,,,‘debt’; ‘to owe’,92181432312156997-1,{},96,,debitum; dēbēre,69650,
,,,,deceit,92181432379333777-1,{},125,,deceite,66354,
,,,,to betray,9218143242098864-1,{},96,,dēcipere,69705,
,,,,defeat,92181432142975174-1,{},125,,defeit,66434,
,,,,to do away with,92181432722966827-1,{},96,,disfacere,69769,
,,,,‘to dispose of dregs’ (faex ‘dregs’),92181432591546833-1,{},96,,dēfaecāre,66054,
,,,,to defend,92181432818408187-1,{},123,,défendre,66436,
,,,,"to defend, ward off evil",92181432108419053-1,{},96,,dēfendere,69771,
,,,,defending,92181432354462240-1,{},125,,deffendant,66451,
,,,,demon,92181432361156490-1,{},96,,daemōn,66470,
,,,,guardian spirit,92181432193787815-1,{},147,,daímōn,69793,
,,,,to deny,92181432529595627-1,{},123,,denier (now nier),66392,
,,,,to deny,92181432330253895-1,{},96,,negāre,69732,
,,,,descendant,9218143289154453-1,{},123,,descendant,66000,
,,,,"descendant, someone who goes down",92181432865141828-1,{},96,,"descēnden-s, -tem",69485,
,,,,‘to destroy,92181432655812897-1,{},124,,destruire,66259,
,,,,to destroy,92181432786183013-1,{},194,,dēstrūgere,69645,
,,,,devil,92181432584414293-1,{},96,,diabolus,66471,
,,,,slanderer,92181432463879640-1,{},147,,diábolos,69794,
,,,,to die,92181432761718234-1,{},257,,deyja,66057,
,,,,difficult,92181432688169590-1,{},96,,difficilis,70064,
,,,,to dig,9218143283881481-1,{},123,,diguer,66174,
,,,,ditch,9218143217281281-1,{},12,,dijk,69595,
,,,,"‘to break one’s fast, dine’",92181432621906658-1,{},125,,disner,66101,
,,,,‘to break one’s fast’,92181432306209431-1,{},194,,disjūnāre,69541,
,,,,"dirt, filth",92181432159936243-1,{},257,,drit,66333,
,,,,to disappear,92181432801577710-1,{},123,,désapparaître,66251,
,,,,disease,92181432489690538-1,{},125,,disease,66089,
,,,,"disease, discomfort",92181432925928697-1,{},194,,*dis-asia,69530,
,,,,"board, flat bowl",92181432665637195-1,{},96,,discus,66836,
,,,,"‘dish’, literally ‘something one throws’",92181432760461868-1,{},147,,dískos,69538,
,,,,to divide,9218143281882203-1,{},96,,dīvidere,66306,
,,,,divorce,92181432207661757-1,{},123,,divorce,66952,
,,,,to dissolve a marriage,92181432553046995-1,{},96,,divortiāre,69488,
,,,,doctor,92181432518409512-1,{},213,,docto(u)r,66061,
,,,,physician,92181432418703943-1,{},96,,doctor,69150,
,,,,dolphin,9218143233558595-1,{},125,,delfin,66032,
,,,,dolphin,92181432329061439-1,{},96,,delphīnus,69504,
,,,,post/mail,92181432809952919-1,{},123,,poste,69301,
,,,,"‘that which is placed’, from ponere ‘to put’",92181432374881496-1,{},96,,posita,69590,
,,,,doubt,92181432524682092-1,{},123,,doute,66374,
,,,,"‘doubt’, giving rise to dubitāre ‘to doubt’",92181432662738798-1,{},96,,dubium,69722,
,,,,"‘hill’, ‘hill-fort’",92181432765164079-1,{},80,,*dounon,66283,
,,,,to arrange,92181432291418656-1,{},123,,dresser,66131,
,,,,to arrange,92181432725503261-1,{},194,,*dīrectiāre,69563,
,,,,permission,92181432246242769-1,{},123,,licence,66494,
,,,,‘permission’ (licet ‘it is allowed’),92181432616368087-1,{},96,,licentia,69809,
,,,,eagle,92181432770109233-1,{},123,,aigle,66023,
,,,,eagle,92181432852015003-1,{},96,,aquila,69903,
,,,,lobe,92181432260239772-1,{},96,,lobus,66074,
,,,,lobe (of ear or liver),92181432546190391-1,{},147,,lobos,69948,
,,,,easy,92181432425884987-1,{},124,,aisié,66377,
,,,,‘ease’ (the second part is assumed),92181432707647848-1,{},194,,*ad-asium,69724,
,,,,egg,92181432307144433-1,{},257,,egg,66122,
,,,,choosing,92181432300935098-1,{},123,,election,66496,
,,,,to choose,9218143239783777-1,{},96,,eligere,69812,
,,,,electric,92181432597482707-1,{},194,,ēlectricus,66484,
,,,,amber,92181432417646914-1,{},147,,ēlektron,69801,
,,,,elephant,9218143278472223-1,{},123,,olifant,66016,
,,,,ivory,92181432786709935-1,{},147,,"elépha-s, -ntos",69496,
,,,,‘to embrace’ (now ‘to kiss’),92181432735070684-1,{},123,,embrasser,66335,
,,,,to clasp in the arms,92181432708945748-1,{},194,,*imbracchiāre,69692,
,,,,enemy,92181432572033204-1,{},123,,ennemi,66414,
,,,,"‘enemy’, literally ‘un-friend’",92181432420646134-1,{},96,,inimicus,69753,
,,,,to enter,92181432269669211-1,{},123,,entrer,66239,
,,,,to go in,92181432322516556-1,{},96,,intrāre,69637,
,,,,envy,92181432433549770-1,{},123,,envie,66347,
,,,,envy,92181432460613646-1,{},96,,invidia,67556,
,,,,expensive,92181432670603534-1,{},194,,*expensīvus,66281,
,,,,‘to explain’ (plānus ‘plain or flat’),92181432433596139-1,{},96,,explānāre,66372,
,,,,to put a fire or light out,92181432381501632-1,{},96,,extinguere,65984,
,,,,face,92181432387938341-1,{},124,,face,66071,
,,,,face,92181432863694178-1,{},96,,faciēs,69522,
,,,,fairy folk,92181432368643607-1,{},124,,faierie,66475,
,,,,‘fates’ (pl.),92181432462095365-1,{},96,,fāta,69798,
,,,,"faith, trust",92181432979540549-1,{},124,,fed,66353,
,,,,"faith, trust",92181432969467782-1,{},96,,fidēs,69704,
,,,,falseness,92181432251715058-1,{},123,,falsete,66355,
,,,,"‘false’, ‘failed’ (fallere ‘to fail’)",92181432337032063-1,{},96,,falsus,69706,
,,,,family,92181432380466820-1,{},96,,familia,69888,
,,,,hunger,92181432330719970-1,{},123,,faim,66124,
,,,,hunger,92181432917025493-1,{},96,,fāmēs,69556,
,,,,winnowing fan,92181432186927977-1,{},96,,vannus,66218,
,,,,farmer,9218143272352724-1,{},123,,fermier,66170,
,,,,"farmer, one who operates a firma or concern",92181432138348740-1,{},96,,firmārius,69593,
,,,,fault,92181432370847281-1,{},123,,faute,66357,
,,,,"‘fault, failing’, pst.ptcp from fallere ‘to fail’",92181432616817488-1,{},194,,*fallita,69708,
,,,,female,92181432154081698-1,{},124,,femelle,65988,
,,,,female,92181432939393286-1,{},123,,femelle,66009,
,,,,female,92181432574629109-1,{},96,,fēmella,69476,
,,,,defence,92181432376972509-1,{},123,,défense,66173,
,,,,fever,92181432310515159-1,{},124,,fievre,66087,
,,,,fever,92181432933297424-1,{},96,,febris,69961,
,,,,fig,92181432165385524-1,{},123,,figue,66114,
,,,,fig,9218143247045677-1,{},96,,ficus,72138,
,,,,end,92181432439876884-1,{},124,,fin,66457,
,,,,end,9218143225584751-1,{},96,,finis,70047,
,,,,to finish,92181432626598118-1,{},123,,finir,66315,
,,,,to finish,92181432756600161-1,{},96,,finīre,69680,
,,,,flame,92181432409108129-1,{},96,,flamma,66806,
,,,,flame,9218143288650532-1,{},123,,flamme,66898,
,,,,flat,92181432218623024-1,{},257,,flatr,66297,
,,,,flower (of the flour = the finest flour),92181432693295767-1,{},123,,fleur (de farine),66107,
,,,,flower,92181432246241285-1,{},96,,"flō-s, -rem",69544,
,,,,flower,92181432590490519-1,{},125,,flour,66181,
,,,,flute,9218143234811233-1,{},123,,flahute,66397,
,,,,’flute’,92181432343825091-1,{},246,,flaüt,69737,
,,,,"print, impression",92181432791686188-1,{},213,,prente,66079,
,,,,to press,92181432648577839-1,{},96,,premere,69524,
,,,,forest,92181432429464974-1,{},123,,forêt,65971,
,,,,pertaining to an outside area,92181432125055754-1,{},96,,forestis,69467,
,,,,smithy,92181432547735901-1,{},123,,forge,66213,
,,,,#manufactured object’,92181432781810178-1,{},96,,fabrica,69621,
,,,,forked branch,92181432157483089-1,{},96,,furca,62362,
,,,,fortress,9218143263137872-1,{},123,,forteresse,67739,
,,,,"‘place of strength’, from fortis ‘strong’",92181432780459469-1,{},96,,*fortaritia,69766,
,,,,sweet-smelling,92181432502196425-1,{},96,,"fragran-s, -tem",66324,
,,,,fruit,92181432435160291-1,{},96,,fructus,68312,
,,,,fruit,9218143252656862-1,{},123,,fruit,69413,
,,,,to fry,92181432771180081-1,{},123,,frire,66096,
,,,,to roast,92181432842503898-1,{},96,,frigere,69535,
,,,,to encase,92181432539716884-1,{},123,,forrer,66129,
,,,,garden,92181432141668612-1,{},124,,gardin,66171,
,,,,"yard, garden",92181432956692702-1,{},290,,*gardan-,69594,
,,,,to obtain,92181432260599223-1,{},257,,geta,66254,
,,,,gill,9218143246519117-1,{},257,,gil,66031,
,,,,to give,92181432963114427-1,{},257,,giva,66255,
,,,,"glue, birdlime",921814322555460-1,{},123,,glu,66212,
,,,,#glue’,92181432998514419-1,{},96,,glūten,69620,
,,,,goitre,92181432538536074-1,{},123,,goître,66088,
,,,,throat,92181432142528657-1,{},96,,guttur,69529,
,,,,,92181432920898396-1,{},360,,Unidentifiable,74758,
,,,,good fortune,92181432648276101-1,{},12,,(ge)luk,66339,
,,,,gourde,92181432656393152-1,{},123,,gourde,66192,
,,,,gourd,92181432959380286-1,{},96,,cucurbita,69610,
,,,,to govern,92181432488425809-1,{},123,,gouverner,67689,
,,,,to steer a ship,92181432367135142-1,{},147,,kubernān,69745,
,,,,government,92181432849507492-1,{},123,,gouvernement,60849,
,,,,grain,92181432562861427-1,{},123,,grain,66177,
,,,,"grain, corn",92181432755625989-1,{},96,,grānum,69597,
,,,,big,92181432156072712-1,{},123,,grand,65986,
,,,,big,92181432224533450-1,{},96,,grandis,69475,
,,,,large + parent,92181432817951108-1,{},96,,grandis + parens,66004,
,,,,bunch of grapes,9218143264806524-1,{},125,,grappe,66115,
,,,,"‘to grapple with’, ‘to grab’",92181432978292212-1,{},99,,*krappōn,69550,
,,,,"fat, grease",92181432470653143-1,{},123,,graisse,66125,
,,,,fat,92181432438183955-1,{},96,,crassus,69557,
,,,,"heavy burden, weight",92181432464689675-1,{},124,,grief,66342,
,,,,to weigh heavily,92181432252454282-1,{},96,,*grevāre,69697,
,,,,guard,92181432279728877-1,{},123,,garde,66445,
,,,,to protect,92181432891603358-1,{},122,,wardōn,69776,
,,,,(female name),92181432480258733-1,{},257,,Gunhild,69764,
,,,,hammock,92181432602338484-1,{},337,,hamaka,68289,
,,,,hammock,92181432248095482-1,{},115,,hamaca,70925,
,,,,head-covering,92181432328992709-1,{},124,,courchief,66144,
,,,,‘to cover’ + ‘head’,92181432579728704-1,{},96,,cooperīre + caput,69571,
,,,,good luck,92181432276705236-1,{},257,,happ,66340,
,,,,band,92181432320888545-1,{},123,,bande,66142,
,,,,to tie,9218143280546956-1,{},99,,*bindōn,69570,
,,,,heron,92181432718819191-1,{},124,,hairon,66022,
,,,,heron,92181432441828856-1,{},290,,*xaigaran,69500,
,,,,to strike,92181432807882968-1,{},257,,hitta,66203,
,,,,place of welcome,92181432767191591-1,{},96,,hospitāle,66479,
,,,,"host, guest",92181432483475405-1,{},125,,hoste,66416,
,,,,someone who gives someone lodgings,92181432655516741-1,{},96,,hospes,69755,
,,,,hour,921814323516902-1,{},124,,ure,66318,
,,,,hour,92181432554232718-1,{},147,,hōra,69682,
,,,,to jostle,9218143290642681-1,{},124,,hurter,66261,
,,,,house-builder,92181432868814798-1,{},257,,húsbondi,65990,
,,,,hut,92181432662686001-1,{},123,,hutte,66150,
,,,,"‘dwelling’, related to “to hide”",92181432196846579-1,{},290,,*hudjā,69579,
,,,,archetype,92181432324840421-1,{},96,,idea,66364,
,,,,archetype,92181432537564449-1,{},147,,idéā,69712,
,,,,idol,92181432213260127-1,{},124,,idele,66472,
,,,,"‘idol’, from eídos ‘image’",92181432464219828-1,{},147,,eidōlon,69795,
,,,,"evil, bad",92181432702814857-1,{},257,,illr,66059,
,,,,to copy,92181432952647930-1,{},96,,imitārī,66381,
,,,,"‘immediate’, ‘with no middle stage’",92181432109630049-1,{},96,,immediātus,66314,
,,,,forehead,92181432940469736-1,{},123,,front,66294,
,,,,forehead,92181432208723190-1,{},96,,"frōns, frontis",69666,
,,,,to throw in,92181432349590574-1,{},96,,"iniectiō, iniicere",66490,
,,,,"‘to damage’, also ‘to curse’",9218143291073565-1,{},123,,injurer,66260,
,,,,"‘damage’, (literally) ‘what is in conflict with one’s right’",92181432360568020-1,{},96,,iniūria,69646,
,,,,not harmful,92181432998831518-1,{},96,,"innocen-s, -tem",66455,
,,,,indented,9218143296497472-1,{},96,,insectum,69899,
,,,,intention,92181432411615276-1,{},124,,intencion,66373,
,,,,to stretch out,92181432500472548-1,{},96,,intendere,69721,
,,,,intestines,9218143276589200-1,{},96,,intestīnum,66082,
,,,,to invite,92181432961117881-1,{},123,,inviter,66422,
,,,,to invite,9218143214130379-1,{},96,,invītāre,69759,
,,,,,92181432607271920-1,{},360,,Unidentifiable,74760,
,,,,jaguar,92181432492376753-1,{},353,,jaguara,66007,
,,,,cheek,92181432813240664-1,{},125,,joe,66072,
,,,,jealous,921814325110398-1,{},123,,jaloux,66348,
,,,,zeal,92181432983116857-1,{},147,,zēlos,69700,
,,,,jewel,92181432305811796-1,{},124,,juel,66139,
,,,,little joy-bringer,92181432677585637-1,{},194,,*gaudiellum,69568,
,,,,to join,9218143241332355-1,{},123,,joindre,66290,
,,,,to join together,92181432356847883-1,{},96,,iungere,69663,
,,,,judge,92181432536602176-1,{},123,,juge,66760,
,,,,judge,92181432862892391-1,{},96,,iūdex,69779,
,,,,judgment,92181432458927787-1,{},123,,jugement,66449,
,,,,judgment,92181432128649928-1,{},96,,iūdicāmentum,69778,
,,,,"large black kangaroo, a specific type of kangaroo from Northern Queensland",92181432829372534-1,{},150,,gaŋurru,69317,
,,,,pot,92181432954385662-1,{},96,,catillus,66816,
,,,,‘kitchen’ (coquere ‘to cook’),92181432866644467-1,{},96,,*cocīna,66151,
,,,,knife,92181432160563444-1,{},257,,knifr,68243,
,,,,the lagoon,92181432929718897-1,{},115,,laguna,61040,
,,,,gap,92181432921065266-1,{},96,,lacūna,69472,
,,,,lake,92181432749690496-1,{},96,,lacus,69464,
,,,,lake,92181432919081931-1,{},123,,lac,72758,
,,,,lamp,92181432419144283-1,{},123,,lampe,69003,
,,,,lamp,92181432444577694-1,{},147,,"lampá-s, -dos",69583,
,,,,language,9218143263315609-1,{},123,,langage,66389,
,,,,tongue,92181432921505736-1,{},96,,lingua,69729,
,,,,broad,9218143271298461-1,{},123,,large,66296,
,,,,lasso,92181432775224258-1,{},115,,lazo,60923,
,,,,"tie, string",92181432731460016-1,{},96,,laqueus,70081,
,,,,lace,9218143235890362-1,{},124,,lache,66167,
,,,,"noose, latch, lace",92181432550001652-1,{},194,,*lacium,69591,
,,,,law,92181432951495972-1,{},257,,lagu,66446,
,,,,lazy,92181432731036411-1,{},140,,lasich,66064,
,,,,leg,92181432922490540-1,{},257,,legg-r,66049,
,,,,lemon,92181432322721953-1,{},123,,limon,66187,
,,,,lemon,92181432417596969-1,{},53,,laimūn,69605,
,,,,letter,92181432332172980-1,{},123,,lettre,66498,
,,,,"‘letter’, literally ‘letters of the alphabet’",92181432670212439-1,{},96,,litterae,69813,
,,,,to set free,92181432940138154-1,{},96,,liberāre,66421,
,,,,"to lift, raise",92181432136928448-1,{},257,,lypta,66232,
,,,,line,92181432305597021-1,{},123,,ligne,66304,
,,,,line,92181432951816007-1,{},96,,līnea,69670,
,,,,lion,92181432856873685-1,{},96,,leō,66015,
,,,,lion,92181432600378192-1,{},147,,leōn,68292,
,,,,lizard,92181432292201053-1,{},124,,lezard,66018,
,,,,lizard,9218143266385247-1,{},96,,lacertus,69498,
,,,,low,9218143297426832-1,{},257,,lágr,65982,
,,,,machine,92181432514764688-1,{},123,,machine,60528,
,,,,machine,92181432224240809-1,{},147,,mēkhanḗ,72597,
,,,,magic,92181432602853857-1,{},123,,magique,66473,
,,,,magician,92181432558779468-1,{},258,,maguš,69796,
,,,,maize,92181432772965582-1,{},115,,maiz,66178,
,,,,maize,92181432408929417-1,{},337,,mahis/mahici,69598,
,,,,male,92181432728809824-1,{},124,,male,65987,
,,,,male,92181432909823784-1,{},96,,masculus,69893,
,,,,manioc,92181432156180753-1,{},123,,manioc,67307,
,,,,cassava,92181432976544351-1,{},353,,manioka,69609,
,,,,skill,92181432435919277-1,{},124,,manere,66379,
,,,,‘one who works by hand’ (manus),92181432838345138-1,{},96,,manuārius,69726,
,,,,market,92181432796306769-1,{},96,,mercātus,66277,
,,,,to marry someone,92181432489163860-1,{},123,,marier,65991,
,,,,to marry,92181432822358034-1,{},96,,maritāre,69477,
,,,,mason,92181432177176503-1,{},124,,macium,66162,
,,,,mason,92181432638304713-1,{},194,,"*matiō, -nem",69586,
,,,,‘master’ (magnus ‘big’),92181432961661065-1,{},96,,magister,66408,
,,,,mat,92181432669345207-1,{},194,,matta,66843,
,,,,woven material,92181432627084587-1,{},271,,maţţa,69624,
,,,,wick,92181432300213475-1,{},123,,mèche,65975,
,,,,spout of lamp,92181432960428990-1,{},147,,múxā,69469,
,,,,mattress,92181432144649336-1,{},124,,materas,66500,
,,,,‘to throw’ (noun: maţraħ),92181432686096057-1,{},53,,ţaraħa,69817,
,,,,to measure,92181432281760336-1,{},124,,mesurer,66295,
,,,,to measure,92181432377608519-1,{},194,,mēnsūrāre,69667,
,,,,medicine,92181432933363459-1,{},125,,medicine,66062,
,,,,medicine,92181432568779126-1,{},96,,medicīna,69515,
,,,,.merchant’,92181432608365821-1,{},124,,marchand,66276,
,,,,"to trade, buy",92181432109710228-1,{},96,,mercārī,69655,
,,,,mill,92181432373609952-1,{},194,,molīna,66109,
,,,,millet,92181432398399442-1,{},123,,millet,66197,
,,,,millet,92181432622794314-1,{},96,,milium,69613,
,,,,attendant,9218143295289903-1,{},124,,menestre,66492,
,,,,"‘attendant’, from minus ‘less’",92181432244519114-1,{},96,,minister,69807,
,,,,;mirror’,92181432136074197-1,{},123,,miroir,66148,
,,,,to gaze in wonder at,92181432801377653-1,{},96,,mīrārī,69576,
,,,,to take,92181432300632269-1,{},257,,taka,66253,
,,,,mixed,9218143285066244-1,{},123,,mixte,66106,
,,,,to mix,92181432492654819-1,{},96,,miscere,69543,
,,,,grinding,92181432741618731-1,{},96,,molaris,69950,
,,,,"money, coin",9218143234815602-1,{},124,,monai,66263,
,,,,‘mint’; designation of a goddess,92181432656684537-1,{},96,,monēta,69648,
,,,,deer,9218143259881293-1,{},113,,mos,66044,
,,,,mortar,92181432310980874-1,{},123,,mortier,66110,
,,,,mortar,92181432737489593-1,{},124,,mortier,66163,
,,,,mortar,92181432757239554-1,{},96,,mortarium,68258,
,,,,mosque,92181432701377758-1,{},213,,meseache,66478,
,,,,mosque,92181432860837598-1,{},53,,masjid,69320,
,,,,little fly,92181432793988206-1,{},115,,mosquito,66036,
,,,,mover,92181432651944171-1,{},96,,motor,68074,
,,,,shape,92181432422147533-1,{},124,,modle,66217,
,,,,shape,92181432312560023-1,{},96,,modulus,69623,
,,,,mountain,92181432664143520-1,{},123,,montagne,65961,
,,,,‘mountain’; ‘hilly’,92181432751034727-1,{},96,,mons; montānus,69460,
,,,,to move,92181432890121566-1,{},124,,mover,66228,
,,,,to move,92181432604326387-1,{},96,,movēre,69629,
,,,,bog,92181432837392780-1,{},12,,modde,65977,
,,,,mule,92181432293450726-1,{},124,,mul,66013,
,,,,mule,92181432222426287-1,{},96,,mūlus,69494,
,,,,to mumble,92181432739955143-1,{},12,,mummelen,66385,
,,,,to mumble,92181432739955143-2,{},140,,mummelen,66386,
,,,,mushroom,92181432526064979-1,{},124,,muserun,66194,
,,,,mushroom,92181432419880897-1,{},194,,mussirio,69612,
,,,,music,92181432709629604-1,{},124,,musique,66504,
,,,,of the Muses,92181432183109358-1,{},147,,mousikē,69821,
,,,,mute,92181432606645489-1,{},123,,muet,66065,
,,,,mute,92181432246649226-1,{},96,,mūtus,69517,
,,,,duty,9218143283311663-1,{},124,,necessite,66376,
,,,,"‘necessity, duty’ (necesse ‘is needed’)",92181432913855016-1,{},96,,"necessi-tās, -tātem",69723,
,,,,noose,92181432435773334-1,{},124,,laz,66141,
,,,,nephew,92181432230032605-1,{},123,,neveu,65996,
,,,,grandson,92181432161951686-1,{},96,,"nepō-s, -tem",69481,
,,,,niece,92181432724328643-1,{},124,,nice,65997,
,,,,granddaughter,9218143299915675-1,{},194,,neptia,69482,
,,,,noble,92181432281417558-1,{},124,,noble,66406,
,,,,"noble, important to know",92181432880525968-1,{},96,,nōbilis,69746,
,,,,‘ninth’ (hour),92181432820314680-1,{},96,,nōna,66317,
,,,,number,92181432745965242-1,{},123,,nombre,66497,
,,,,number,92181432720228653-1,{},96,,numerus,72598,
,,,,nursemaid,92181432123725934-1,{},124,,nourice,66486,
,,,,nursemaid,92181432455844758-1,{},96,,nūtrīcia,69803,
,,,,to obey,92181432739495604-1,{},123,,obéir,66412,
,,,,to obey,92181432692513162-1,{},96,,obædīre < ob-audīre,69751,
,,,,dark,92181432228769038-1,{},125,,oscur,66368,
,,,,dark,9218143268969838-1,{},96,,obscūrus,69717,
,,,,ocean,92181432832188567-1,{},213,,ocean,65979,
,,,,ocean,9218143284528640-1,{},147,,okeanos,69878,
,,,,oil,92181432630295599-1,{},96,,oleum,72139,
,,,,ointment,92181432894906856-1,{},124,,oinement,66147,
,,,,to smear,92181432343883895-1,{},96,,unguere,69575,
,,,,olive,92181432790483096-1,{},96,,olīva,66116,
,,,,olive,9218143222953673-1,{},147,,elaiá,69551,
,,,,something which foreshadows an event,92181432284810520-1,{},96,,ōmen,66476,
,,,,opossum,92181432781344808-1,{},48,,opassom,66029,
,,,,orange,92181432434180906-1,{},124,,orenge,66188,
,,,,orange,92181432973519980-1,{},339,,nāram,69606,
,,,,"to order, to command",92181432285895761-1,{},123,,ordonner,67697,
,,,,to put in order; an order,92181432127712379-1,{},96,,"ordināre; ordō, -nem",69749,
,,,,adornment,92181432668829795-1,{},124,,ornament,66138,
,,,,‘adornment’ (ornare ‘to adorn’),92181432396470485-1,{},96,,ōrnāmentum,69567,
,,,,orphan,92181432212397719-1,{},96,,orphanus,66001,
,,,,"deprived, orphaned",92181432785087760-1,{},147,,orphanós,69486,
,,,,,92181432155824210-1,{},360,,Unidentifiable,74762,
,,,,scraper shaped like a hoe,9218143271653704-1,{},194,,padela,66252,
,,,,‘rice in the field’ from Proto-Austronesian *pajey,9218143260144290-1,{},202,,padi,66195,
,,,,pain,92181432208191449-1,{},123,,peine,66341,
,,,,pain,92181432460582446-1,{},147,,poinē,69696,
,,,,paint,92181432375771132-1,{},124,,peint,66223,
,,,,to paint,92181432130560296-1,{},124,,peindre,66224,
,,,,to paint,92181432964310339-1,{},96,,pingere,69626,
,,,,pair,92181432833411298-1,{},124,,paire,66310,
,,,,equal,92181432361005747-1,{},96,,par,69676,
,,,,palm,92181432421339578-1,{},123,,paume,66077,
,,,,palm tree; palm of the hand,92181432485255657-1,{},96,,palma,68033,
,,,,pan,92181432612998379-1,{},196,,panna,66817,
,,,,shallow dish,92181432899127855-1,{},147,,patánē,69537,
,,,,paper,92181432489174121-1,{},124,,papir,66287,
,,,,paper,92181432181101584-1,{},147,,pápūros,69735,
,,,,to forgive,92181432437062898-1,{},123,,pardonner,66356,
,,,,to forgive,92181432680078076-1,{},96,,perdonāre,69707,
,,,,parent,92181432459186716-1,{},123,,parent,65992,
,,,,one who produces a child,92181432857414309-1,{},96,,"paren-s, -tem",69478,
,,,,part,92181432666145829-1,{},96,,"par-s, -tem",66308,
,,,,pasture,92181432324654487-1,{},124,,pastour,66010,
,,,,feeding animals,92181432265706196-1,{},96,,pastura,69491,
,,,,,92181432199593533-1,{},360,,Unidentifiable,74761,
,,,,to pay,9218143239544149-1,{},124,,paier,66269,
,,,,"to pay, pacify",92181432376726245-1,{},96,,pācāre,69651,
,,,,peace,92181432335487268-1,{},124,,pes,66425,
,,,,peace,92181432423579083-1,{},96,,"pax, -cem",69761,
,,,,to strip away,92181432229971187-1,{},96,,pilāre,66103,
,,,,peg,92181432167540695-1,{},212,,pegge,66225,
,,,,feather,92181432370468856-1,{},96,,penna,68303,
,,,,brush,92181432660912441-1,{},96,,pēnis,66084,
,,,,people,9218143210109988-1,{},124,,people,66402,
,,,,people,92181432804935788-1,{},96,,populus,69742,
,,,,pepper,9218143239162545-1,{},96,,piper,66821,
,,,,pepper,9218143294427268-1,{},251,,pippah,69552,
,,,,perjury,92181432184397214-1,{},124,,perjurie,66462,
,,,,false oath,92181432187390652-1,{},96,,periūrium,69789,
,,,,person,92181432958065641-1,{},213,,persone,65985,
,,,,"‘face’, by extension ‘mask’",92181432708951559-1,{},147,,prósōpon,69474,
,,,,pestle,92181432412594374-1,{},125,,pestel,66111,
,,,,pestle,92181432236971461-1,{},96,,pistillum,69546,
,,,,"‘petroleum’, literally ‘stone-oil’",9218143262832297-1,{},194,,petroleum,66507,
,,,,piece,92181432510971789-1,{},124,,peece,66312,
,,,,"‘piece’, possibly from Gaulish Celtic",92181432199920244-1,{},194,,pecia,69678,
,,,,the battery,92181432719291880-1,{},123,,pile,63477,
,,,,a pier,9218143295571712-1,{},96,,pīla,69673,
,,,,pill,92181432658618054-1,{},12,,pille,66487,
,,,,pill,92181432658618054-2,{},140,,pille,66488,
,,,,little ball,92181432294179476-1,{},96,,pilula,69804,
,,,,cushion,92181432452449701-1,{},96,,pulvīnus,66168,
,,,,pin,92181432334842753-1,{},96,,pinna,70476,
,,,,to pinch,92181432446405242-1,{},124,,*pinchier,66334,
,,,,to pinch,92181432272543705-1,{},194,,*pinctiāre,69691,
,,,,pine,92181432878776664-1,{},96,,pīnus,66182,
,,,,pipe,92181432556427673-1,{},194,,pīpa,66196,
,,,,to urinate,9218143255599408-1,{},123,,pisser,66052,
,,,,a pickaxe,92181432496173474-1,{},123,,pic,66175,
,,,,pick,92181432249793104-1,{},99,,*pikka,69596,
,,,,kindness,9218143221781690-1,{},124,,pite,66344,
,,,,‘piety’ from pius,92181432349167766-1,{},96,,"pietā-s, -tem",69698,
,,,,place,92181432521507142-1,{},96,,platea,66284,
,,,,square,92181432561849240-1,{},147,,plateía,69659,
,,,,plain,9218143239256005-1,{},123,,plain,65962,
,,,,flat,92181432327986556-1,{},96,,plānus,69461,
,,,,plaintiff,92181432597369140-1,{},124,,plaintif,66450,
,,,,lamentation,92181432868258922-1,{},96,,planctus,69780,
,,,,braid,92181432732994817-1,{},124,,pleit,66149,
,,,,something folded,92181432642839379-1,{},194,,*plictum,69578,
,,,,to plant,92181432343194499-1,{},96,,plantare,70015,
,,,,"plastic, something which can be moulded",9218143274791496-1,{},169,,plastica,66502,
,,,,to mould,92181432181021622-1,{},147,,plássein,69819,
,,,,plate,92181432673072969-1,{},124,,plat,66098,
,,,,flat,92181432284539864-1,{},194,,plattus,69539,
,,,,flat,92181432974816671-1,{},123,,plat,67483,
,,,,flat,92181432154905243-1,{},96,,plattus,69758,
,,,,little bag,92181432114702903-1,{},124,,pokete,66136,
,,,,poet,92181432914948167-1,{},123,,poète,67670,
,,,,maker,92181432919251862-1,{},147,,poiētēs,69736,
,,,,point,92181432505142868-1,{},123,,point,66307,
,,,,point,92181432253017631-1,{},96,,punctum,69674,
,,,,poison,92181432108335545-1,{},123,,poison,66063,
,,,,something to drink,92181432653680454-1,{},96,,"potiō, -nem",69516,
,,,,"city guardians, police",92181432431907713-1,{},123,,police,66493,
,,,,city,92181432593324804-1,{},147,,pólis,69808,
,,,,poncho,92181432268193795-1,{},115,,poncho,59678,
,,,,poncho,92181432921139789-1,{},41,,punchu,69577,
,,,,poor,9218143223333686-1,{},124,,povre,66266,
,,,,poor,92181432242236842-1,{},96,,pauper,69649,
,,,,porpoise,92181432534299190-1,{},124,,porpois,66033,
,,,,pig fish,92181432808806209-1,{},96,,porcus piscis,69505,
,,,,gate,92181432713611699-1,{},96,,porta,66248,
,,,,"pole, post",92181432537565860-1,{},96,,posta,66160,
,,,,card,92181432737408285-1,{},123,,carte,66499,
,,,,"‘sheet of papyrus’, possibly of Egyptian origin",92181432440893657-1,{},147,,khártēs,69814,
,,,,pot,92181432945605357-1,{},123,,pot,66097,
,,,,earthenware pot,92181432787643816-1,{},96,,*pottus,69536,
,,,,potato,92181432677666257-1,{},115,,patata,68609,
,,,,potato,92181432831324030-1,{},337,,batata,69532,
,,,,pot,92181432479003436-1,{},96,,pottus,66216,
,,,,poultry,92181432470772747-1,{},123,,pouleterie,66006,
,,,,chicken,92181432289709057-1,{},96,,pullus,69490,
,,,,to praise,92181432213626338-1,{},124,,preisier,66359,
,,,,"‘to value highly’, from pretium ‘price’",9218143230801247-1,{},194,,pretiāre,69710,
,,,,to pray,92181432373090337-1,{},123,,prier,66467,
,,,,to pray,92181432776024365-1,{},96,,prēcārī,69791,
,,,,preach,92181432204060470-1,{},124,,prechier,66469,
,,,,"announce, proclaim",9218143246808395-1,{},96,,praedicâre,66859,
,,,,precipice,92181432689844673-1,{},123,,precipice,65978,
,,,,‘headlong fall’ (praeceps ‘headling’),92181432355933872-1,{},96,,praecipitium,69470,
,,,,pregnant,92181432883758319-1,{},96,,"praegnan-s, -tem",66056,
,,,,to preserve,92181432123833249-1,{},123,,préserver,66257,
,,,,"to keep, preserve",9218143211534911-1,{},194,,praeservāre,69643,
,,,,one who presides over a meeting,92181432592750374-1,{},124,,president,66491,
,,,,‘one who sits in front’ (prae + sedere),92181432924937654-1,{},96,,"praesiden-s, -tis",69806,
,,,,to press,92181432158474643-1,{},123,,presser,67377,
,,,,to press,92181432622987253-1,{},96,,pressāre,69627,
,,,,"‘hinder’, literally ‘come before’",92181432893997701-1,{},96,,praevenīre,66417,
,,,,"price, prize",92181432463014404-1,{},124,,pris,66280,
,,,,"price, reward",92181432103573520-1,{},96,,pretium,69658,
,,,,"priest, elder",92181432928916913-1,{},96,,presbyter,66468,
,,,,priest,92181432598243451-1,{},147,,presbúteros,69792,
,,,,prison,92181432545488665-1,{},124,,prisun,66458,
,,,,"picking up, seizing",92181432276123825-1,{},96,,"prehensiō, -nem",69785,
,,,,someone held captive,9218143243925500-1,{},125,,prisonier,66439,
,,,,to promise,92181432137144798-1,{},123,,promettre,66393,
,,,,to promise,92181432478911089-1,{},96,,promittere,67654,
,,,,one who is openly for sale,92181432569847566-1,{},96,,prōstitūta,66420,
,,,,valiant,92181432535593729-1,{},124,,prũt,66349,
,,,,profitable,92181432455880593-1,{},96,,prōdis,69701,
,,,,groin,92181432129680993-1,{},96,,pūbēs,66066,
,,,,kind of gourd,92181432415472436-1,{},123,,pompion,66199,
,,,,"‘gourd’, originally adjective ‘fat’",92181432372900607-1,{},147,,pépōn,69614,
,,,,punishment,92181432130337550-1,{},124,,punisement,66456,
,,,,"‘to punish’, from Greek poinē ‘pain’",92181432370541114-1,{},96,,punīre,69784,
,,,,a minor,92181432425806695-1,{},125,,pupille,66365,
,,,,‘ward’ (pũpus ‘boy’),92181432830460566-1,{},96,,pũpillus,69713,
,,,,"to floow, give chase",9218143277158057-1,{},123,,poursuivre,66235,
,,,,"to go after, to follow after",92181432540080369-1,{},96,,persequī,69633,
,,,,pus,92181432939637168-1,{},96,,pūs,66091,
,,,,to push,92181432623813709-1,{},123,,pousser,66241,
,,,,"‘to drive violently’, from pellere ‘to drive’",92181432474456745-1,{},96,,pulsāre,69638,
,,,,quail,92181432384120117-1,{},125,,quaille,66039,
,,,,‘quail’; possible from Germanic but possibly imitative.,92181432891624687-1,{},194,,quacula/coacula,69507,
,,,,complaint,92181432483100407-1,{},125,,querele,66419,
,,,,complaint,92181432895178270-1,{},96,,querella,69757,
,,,,"quiet, rest",92181432874834335-1,{},124,,quiete,66329,
,,,,"‘quiet’, literally ‘the state of being put at rest’",92181432348974986-1,{},96,,quiētus,69687,
,,,,rabbit,92181432343342296-1,{},127,,robett,66028,
,,,,raccoon,92181432430376984-1,{},48,,árehkan,66040,
,,,,ray,92181432531435646-1,{},96,,radius,68273,
,,,,beam,9218143251728749-1,{},257,,raptr,66246,
,,,,"rag, tatter",92181432433464263-1,{},257,,ragg,66510,
,,,,to lift,92181432101855868-1,{},257,,reisa,66231,
,,,,rape,92181432736620871-1,{},124,,rape,66460,
,,,,"‘seizing’, from rapere ‘to seize’",92181432286116702-1,{},96,,rapīna,69787,
,,,,razor,9218143244884352-1,{},124,,razor,66146,
,,,,to scrape,92181432499990145-1,{},96,,*rāsāre,69574,
,,,,reef,92181432463836306-1,{},12,,riffe,65980,
,,,,reef,92181432463836306-2,{},140,,riffe,65981,
,,,,to refuse,92181432302603781-1,{},123,,refuser,67656,
,,,,to refuse,92181432587509235-1,{},96,,*refūsāre,69733,
,,,,to regret,92181432625685730-1,{},123,,regretter,67550,
,,,,reindeer,92181432177084018-1,{},257,,hreinndýri,66042,
,,,,relative,9218143217376273-1,{},96,,relatif,66002,
,,,,relative,9218143218979746-1,{},96,,relatīvus,69487,
,,,,religion,92181432479101034-1,{},124,,religiun,66464,
,,,,"‘religion’, from ligāre ‘to bind’",92181432430335480-1,{},96,,"religiō, -nem",69790,
,,,,"to stay, to be",92181432151150947-1,{},124,,remayn-,66286,
,,,,to remain,92181432322572710-1,{},96,,remanēre,69661,
,,,,to remain,92181432514132966-1,{},124,,remanoir,66288,
,,,,remember,92181432657734391-1,{},124,,remembrer,66366,
,,,,to recal,92181432270858485-1,{},96,,rēmemorārī,69715,
,,,,"to fold back, fold over",921814328194856-1,{},123,,replier,66390,
,,,,to fold back,92181432233419640-1,{},96,,rēplicāre,69730,
,,,,retrieve,92181432460040633-1,{},124,,rescoure,66258,
,,,,‘to shake out again’; from cūtere ‘to shake’,92181432161655935-1,{},96,,*re-excūtere,69644,
,,,,to pull back,92181432968721991-1,{},125,,retraire,66437,
,,,,to pull back,92181432416675858-1,{},96,,rētrahere,69772,
,,,,"‘to turn back, return",92181432275403132-1,{},124,,retourner,66256,
,,,,to turn back,92181432260105224-1,{},194,,*re-tornāre,69642,
,,,,rice,92181432356078073-1,{},123,,riz,66179,
,,,,rice,92181432132382773-1,{},339,,arici,69599,
,,,,king,92181432199157421-1,{},80,,rīx,66265,
,,,,pole,92181432474063545-1,{},96,,pālus,66159,
,,,,"river, stream",92181432224413255-1,{},124,,river,65968,
,,,,relating to a river-bank,92181432914394937-1,{},96,,ripuārius,69466,
,,,,to roast,9218143256823258-1,{},125,,rostir,66095,
,,,,to roast,92181432230426800-1,{},144,,*raustjan,69534,
,,,,rock,92181432676618345-1,{},124,,"roque, rocque, roche",65972,
,,,,to roll,9218143297205717-1,{},123,,rouler,66230,
,,,,"t#o roll’, from rota ‘wheel’",92181432779967644-1,{},96,,*rotulāre,69631,
,,,,rotten,92181432707711449-1,{},257,,rotinn,66123,
,,,,round,92181432110971481-1,{},96,,rotundus,69630,
,,,,rond,92181432737860151-1,{},123,,rond,70491,
,,,,to rub,92181432672045797-1,{},12,,rubben,66208,
,,,,to rub,92181432672045797-2,{},140,,rubben,66209,
,,,,coverlet,92181432205616753-1,{},241,,rugga,66226,
,,,,rule,92181432679896195-1,{},124,,riule,66405,
,,,,to rule,92181432401444066-1,{},194,,rēgulāre,69744,
,,,,sacrifice,92181432793060202-1,{},123,,sacrifice,66466,
,,,,sacrivice,92181432858343420-1,{},96,,sacrificium,67782,
,,,,same,92181432910184175-1,{},257,,sámr,66509,
,,,,"Saturn, Roman god",9218143217644243-1,{},96,,Saturnus,66321,
,,,,sauce-boat,92181432848524726-1,{},125,,saussier,66100,
,,,,salt-dish,92181432587421148-1,{},194,,salsārium,69540,
,,,,sausage,92181432374272749-1,{},125,,saussiche,66112,
,,,,‘salted’ (items),92181432620820367-1,{},194,,salsīcia,69547,
,,,,savanna,92181432945180881-1,{},115,,sabana,61213,
,,,,"savanna, flat land",92181432305362101-1,{},337,,sabana,69473,
,,,,scale,92181432725713701-1,{},213,,escale,66030,
,,,,scale,92181432848535887-1,{},99,,*skaljā,69503,
,,,,scar,92181432154085761-1,{},213,,eacare,66092,
,,,,‘hearth’; ‘scab’,92181432382902159-1,{},147,,eskhárā,69531,
,,,,school,92181432366703729-1,{},96,,schola,66854,
,,,,l’eisure’,92181432808313346-1,{},147,,skholē,69714,
,,,,scissors,92181432383822230-1,{},125,,cisoirs,66205,
,,,,cutting implement,9218143270642654-1,{},194,,*cīsōria (Pl; unattested),69618,
,,,,poet,92181432872846641-1,{},257,,skáldr,66394,
,,,,scorpion,92181432180815745-1,{},123,,scorpion,67005,
,,,,scorpion,92181432870826999-1,{},147,,skorpios,67978,
,,,,to scrape,92181432840599040-1,{},257,,skrapa,66105,
,,,,screw,92181432149949604-1,{},125,,escroue,69304,
,,,,"‘sculptor, one who carves in stone’ from sculpere ‘to scratch’",92181432805230644-1,{},96,,sculptor,66219,
,,,,gull,92181432706132600-1,{},373,,gwylan,66021,
,,,,season,92181432442991447-1,{},125,,seson,66323,
,,,,period for sowing,92181432111048312-1,{},96,,"satiō, -nem",69684,
,,,,second,92181432831168427-1,{},123,,second,66309,
,,,,"‘second’, from sequor ‘I follow’",92181432172984819-1,{},96,,secundus,69675,
,,,,secret,921814328536278-1,{},124,,secré,66369,
,,,,‘secret’ (p.pt sēcernere ‘to keep separate’),92181432687570843-1,{},96,,sēcrētum,69718,
,,,,"to be fitting, be of repute",92181432232004670-1,{},257,,séma,66363,
,,,,to separate,92181432124367923-1,{},96,,sēparāre,66291,
,,,,servant,92181432371220057-1,{},124,,servant,66410,
,,,,to serve,92181432834644786-1,{},96,,servīre,69748,
,,,,"shelf, set of shelves",92181432424590834-1,{},140,,schelf,66158,
,,,,lean-to stall,92181432741998716-1,{},124,,eschoppe,66278,
,,,,’store’,92181432265414988-1,{},140,,schoppen,69656,
,,,,shore,92181432597495730-1,{},12,,schôre,65964,
,,,,shore,92181432597495730-2,{},140,,schôre,65965,
,,,,"to shriek, shout",92181432538593119-1,{},257,,skrækja,66387,
,,,,shrunken creatures,92181432754571657-1,{},139,,schrimpen,66037,
,,,,"‘sickle’, literally ‘cutter’ from secāre",92181432775755834-1,{},96,,secula,66176,
,,,,Chinese,92181432450737333-1,{},96,,sēricus,66128,
,,,,silk,92181432361448987-1,{},226,,sirege,69561,
,,,,,92181432501316043-1,{},360,,Unidentifiable,74759,
,,,,similar,92181432995514504-1,{},123,,similaire,67495,
,,,,alike,92181432993061880-1,{},96,,similāris,69671,
,,,,sister,92181432283416505-1,{},257,,systir,65993,
,,,,skin,92181432193876687-1,{},257,,skinn,66048,
,,,,shirt,9218143274090097-1,{},257,,skyrta,68250,
,,,,skull,92181432967609540-1,{},257,,skoltr,66070,
,,,,cloud,92181432954048378-1,{},257,,ský,65973,
,,,,slave,92181432802468680-1,{},123,,esclave,66409,
,,,,slave,92181432533596293-1,{},96,,sclavus,67693,
,,,,sledge,9218143256869306-1,{},12,,slede,66244,
,,,,sledge,9218143256869306-2,{},140,,slede,66245,
,,,,slingshot,92181432851745644-1,{},12,,slinge,66429,
,,,,slingshot,92181432851745644-2,{},140,,slinge,66430,
,,,,"to slip, slide",92181432146199623-1,{},12,,slippen,66234,
,,,,to smile,92181432426635623-1,{},140,,*smīlen,66362,
,,,,low shoe,92181432529724885-1,{},96,,soccus,66828,
,,,,ground,9218143213943180-1,{},123,,seuil,65976,
,,,,"ground, floor, sole",92181432351926658-1,{},96,,solum,69875,
,,,,soldier,92181432779483694-1,{},125,,soldier,66427,
,,,,"soldier, one who receives money for service",92181432855900940-1,{},194,,solidārius,69763,
,,,,"witch, wizard",92181432561877096-1,{},213,,sorcier,66474,
,,,,"‘magician, fortune-teller’ (sors ‘fate’)",92181432413055271-1,{},194,,*sortiārius,69797,
,,,,sound,92181432880584991-1,{},123,,son,66328,
,,,,sound,92181432305073622-1,{},96,,sonus,69686,
,,,,soup,92181432938266036-1,{},123,,soupe,63155,
,,,,"to sup, soak",92181432778479294-1,{},99,,*supian,69548,
,,,,thorn,92181432592642913-1,{},213,,espine,66068,
,,,,thorn,92181432237491740-1,{},96,,spīna,69520,
,,,,spirit,9218143248223503-1,{},124,,spirit,66336,
,,,,breath,92181432116790310-1,{},96,,spiritus,69693,
,,,,spleen,92181432670126302-1,{},213,,esplen,66081,
,,,,spleen,92181432969479626-1,{},147,,splēn,69525,
,,,,to split,92181432138152143-1,{},12,,splitten,66206,
,,,,to split,92181432138152143-2,{},140,,splitten,66207,
,,,,square,92181432803377942-1,{},124,,esquire,66301,
,,,,something with four equal sides,92181432362345804-1,{},194,,*exquadra,69669,
,,,,literally ‘raw gourds’,92181432287240625-1,{},231,,asquutasquash,66200,
,,,,squirrel,92181432568334956-1,{},125,,esquirel,66041,
,,,,"‘squirrel’, literally shadow-tail",92181432564857534-1,{},147,,skíouros,69508,
,,,,stable,92181432795700224-1,{},124,,estable,66011,
,,,,stable,9218143230257932-1,{},96,,stabulum,69492,
,,,,stallion,92181432337567233-1,{},125,,estalon,66012,
,,,,a stable,92181432704014608-1,{},99,,*stallo,69493,
,,,,statue,92181432790271312-1,{},96,,statua,66220,
,,,,"‘stay, stand’ (present tense stem)",92181432936065928-1,{},124,,estaier,66285,
,,,,to stand,92181432760478079-1,{},96,,stāre,69660,
,,,,ray,92181432116001709-1,{},123,,raie,66034,
,,,,ray,92181432466419025-1,{},96,,raia,69506,
,,,,stomach,92181432484995509-1,{},123,,estomac,67028,
,,,,stomach,92181432853112579-1,{},147,,stómakhos,69513,
,,,,to store up,92181432631926256-1,{},124,,estorer,66279,
,,,,to repair,921814327754993-1,{},96,,instaurāre,69657,
,,,,"to squeeze, compress",92181432442542083-1,{},124,,estreindre,66104,
,,,,to squeeze,92181432377759698-1,{},96,,stringere,69542,
,,,,stranger,92181432231411685-1,{},125,,estrangier,66415,
,,,,"‘stranger’, literally ‘someone from outside’",92181432383091195-1,{},96,,*extrāneārius,69754,
,,,,laid down (way),92181432616429404-1,{},96,,(via) strāta,66508,
,,,,to study,9218143232070370-1,{},124,,estudier,66382,
,,,,‘zeal’ (studēre ‘to apply oneself’),92181432982084746-1,{},96,,studium,69727,
,,,,stupid,9218143281872690-1,{},96,,stupidus,70058,
,,,,sugar,92181432361259271-1,{},53,,sukkar,64420,
,,,,sugar,92181432809599181-1,{},125,,zuchre,66117,
,,,,cane,92181432516128280-1,{},124,,cane,66201,
,,,,"cane, reed",92181432713019230-1,{},152,,qāneh,69615,
,,,,to sup,92181432327013062-1,{},125,,super,66102,
,,,,"safe, secure",92181432310608441-1,{},124,,sur,66371,
,,,,free from care,92181432242905315-1,{},96,,secūrus,69720,
,,,,surprised,92181432743891602-1,{},123,,surpris,66337,
,,,,take unawares,92181432206797235-1,{},96,,super prēndere,69694,
,,,,"‘to surrender’ (Latin super ‘above’, reddere ‘to give back, return’)",92181432207724135-1,{},123,,surrendre,66438,
,,,,"‘to suspect’, literally ‘to look underneath’",92181432717716967-1,{},96,,suspicere,66375,
,,,,marsh,92181432459485914-1,{},12,,swampen,65969,
,,,,marsh,92181432459485914-2,{},140,,swampen,65970,
,,,,to sweep,9218143218609413-1,{},257,,svipa,66210,
,,,,"board, plank",92181432477504178-1,{},96,,tabula,68081,
,,,,little board,92181432774964704-1,{},124,,tablete,66489,
,,,,little board,92181432408681730-1,{},194,,tabuleta,69805,
,,,,tailor,921814328770689-1,{},123,,tailleur,66127,
,,,,cutter,92181432649763471-1,{},96,,tāliātōr,69559,
,,,,to tan,92181432638401085-1,{},96,,tannāre,66166,
,,,,tapir,92181432683057679-1,{},353,,tapyra,69313,
,,,,to touch,92181432355220664-1,{},125,,taster,66325,
,,,,"‘to touch, to taste’ (possibly a blend of gustāre ‘to taste’ and tangere ‘to touch’)",92181432997006587-1,{},194,,tastāre,69685,
,,,,to mark,92181432160598133-1,{},335,,tātau,66143,
,,,,tax,92181432653906876-1,{},124,,taxe,66271,
,,,,to censure,92181432294174866-1,{},96,,taxāre,69653,
,,,,tea,92181432397516760-1,{},12,,thee,68505,
,,,,tea,92181432638895170-1,{},91,,tiä,69799,
,,,,‘far’ and ‘voice’,92181432859678598-1,{},147,,tēle + phōnē,66481,
,,,,far,92181432741127719-1,{},147,,tēle,66480,
,,,,temple,92181432489380697-1,{},96,,templum,67780,
,,,,temple,92181432160486848-1,{},213,,temple,66069,
,,,,"‘temples’, modified form of classical Latin tempora",92181432957721816-1,{},194,,*tempula,69521,
,,,,tendon,92181432442816980-1,{},96,,"tendō, -nem",66083,
,,,,tendon,92181432212657486-1,{},147,,tēnōn,69526,
,,,,"‘stretched cloth’, from tendere ‘to stretch’",92181432674668538-1,{},96,,tenta,69580,
,,,,tent,92181432511041276-1,{},123,,tente,70452,
,,,,woodworm,92181432592108923-1,{},96,,"term-es, -item",66038,
,,,,"testis’ (also ‘witness’), ‘testicle’",92181432196878035-1,{},96,,"testis, testiculus",66050,
,,,,they,92181432206200822-1,{},257,,þeir,66003,
,,,,‘Thor’s day’,92181432747036946-1,{},257,,Thórsdagr,66320,
,,,,tobacco leaves,92181432641918698-1,{},337,,tabako,69602,
,,,,the tobacco,92181432568281878-1,{},115,,tabaco,70969,
,,,,"grooming, dressing, toilet",92181432440340430-1,{},123,,toilette,69414,
,,,,cloth,92181432317416926-1,{},96,,tēla,69816,
,,,,torch,92181432775973192-1,{},123,,torche,66156,
,,,,twist of rope dipped in tar,92181432296865158-1,{},96,,torca,69584,
,,,,toucan,92181432281019449-1,{},353,,tucana,66027,
,,,,to touch,92181432622365243-1,{},123,,toucher,66332,
,,,,to touch,92181432953238045-1,{},194,,toccāre,69690,
,,,,towel,9218143274429739-1,{},124,,toaile,66145,
,,,,washing thing,92181432916833752-1,{},99,,*thwaxljō,69572,
,,,,tower,92181432418492003-1,{},96,,turris,66856,
,,,,"direction, track",92181432819543128-1,{},12,,trade,66273,
,,,,"direction, track",92181432819543128-2,{},140,,trade,66274,
,,,,train,92181432213137046-1,{},123,,train,67845,
,,,,‘to drag behind’ (unattested form of trahere ‘to drag’),92181432994838236-1,{},194,,*tragināre,69823,
,,,,tree trunk,92181432641421910-1,{},123,,tronc,66184,
,,,,trunk,92181432504601189-1,{},96,,truncus,69603,
,,,,trousers,92181432894687491-1,{},314,,triubhas,66133,
,,,,trumpet,92181432279201205-1,{},123,,trompette,67673,
,,,,trumpet,92181432690644401-1,{},246,,tromba,69738,
,,,,to sift out,92181432670247428-1,{},123,,trier,66378,
,,,,to separate out,92181432728434397-1,{},194,,triāre,69725,
,,,,"‘to turn’, from tornus (lathe)",92181432467065600-1,{},96,,tornāre,66229,
,,,,tortoise,92181432948819977-1,{},123,,tortue,66020,
,,,,tortoise,92181432670623548-1,{},96,,tortūca,69499,
,,,,"horrific, repulsive",92181432885450500-1,{},257,,uggligr,66361,
,,,,uncle,92181432313534354-1,{},123,,oncle,65994,
,,,,"‘uncle’, literally ‘little grandfather’",92181432806094623-1,{},96,,avunculus,69479,
,,,,‘to urinate’ (ūrina ‘urine’),92181432136752444-1,{},96,,ūrināre,66053,
,,,,vagina,92181432594703358-1,{},96,,vagina,69311,
,,,,valley,92181432945843577-1,{},123,,vallée,65963,
,,,,valley,92181432933039627-1,{},96,,vallēs,69462,
,,,,vegetable,9218143292623423-1,{},123,,végétable,66113,
,,,,life-giving,92181432782793454-1,{},96,,vegetābilis,69549,
,,,,veil,92181432672798239-1,{},124,,veile,66135,
,,,,sail,9218143247638013-1,{},96,,vēlum,69565,
,,,,vein,9218143297674722-1,{},123,,veine,67077,
,,,,vein,92181432241429257-1,{},96,,vēna,69518,
,,,,victory,92181432699241319-1,{},125,,victorie,66433,
,,,,"‘victory’, from vincere ‘to win’.",92181432317149795-1,{},96,,victōria,69768,
,,,,village,92181432980871074-1,{},123,,village,66400,
,,,,something which relates to the villa,92181432217492390-1,{},96,,villāticum,69741,
,,,,vine,92181432219210886-1,{},123,,vigne,66183,
,,,,vineyard,92181432515986531-1,{},96,,vīnea,69601,
,,,,voice,92181432442578089-1,{},124,,voiz,66384,
,,,,voice,92181432331143613-1,{},96,,"vo-x, -cem",69728,
,,,,vomited material,92181432785937343-1,{},96,,vomitus,66051,
,,,,vulture,92181432605144727-1,{},125,,vultur,66024,
,,,,vulture,92181432815527017-1,{},96,,vultur,69501,
,,,,vulva,92181432230203593-1,{},96,,vulva,70427,
,,,,pledge,92181432363767288-1,{},124,,wage,66272,
,,,,pledge,92181432634598731-1,{},99,,*wadjam,69654,
,,,,cart,92181432481681654-1,{},12,,wagen,66243,
,,,,"‘rampart’, from vallus ‘stake’",92181432277879090-1,{},96,,vallum,66153,
,,,,be lacking,92181432355269142-1,{},257,,vanta,66352,
,,,,war,92181432264834680-1,{},124,,guerre,66423,
,,,,"tumult, confusion, war",92181432701861755-1,{},122,,*werra,69760,
,,,,to turn around,9218143274349878-1,{},257,,hvirfla,65983,
,,,,"‘window’,literally ‘wind eye’",92181432838208786-1,{},257,,vindauga,66152,
,,,,wine,92181432241139241-1,{},96,,vīnum,66120,
,,,,wine,92181432227622844-1,{},147,,(w)oînos,69554,
,,,,wing,92181432467285752-1,{},257,,vængir,66080,
,,,,yam,92181432115436614-1,{},274,,inhame,66198,
,,,,zero,92181432241980306-1,{},115,,cero,61152,
,,,,zero,92181432789451211-1,{},53,,ṣifr,64530,
